{
  "mode": "quick",
  "timestamp": "2026-03-31T16:08:12.162611",
  "device": "cpu",
  "config": {
    "vocab_size": 32,
    "seq_len": 48,
    "batch_size": 16,
    "steps": 280,
    "lr": 0.05,
    "seed": 42,
    "loss": "CE_only"
  },
  "loss_initial": 6.300828,
  "loss_final": 3.517581,
  "loss_min": 3.420969,
  "loss_curve": [
    6.300828,
    5.148081,
    4.830929,
    4.77087,
    4.575034,
    4.633124,
    4.303964,
    4.199463,
    4.157243,
    4.166222,
    4.062595,
    4.081491,
    3.941297,
    3.985033,
    3.853092,
    3.825778,
    3.736382,
    3.761094,
    3.791118,
    3.833868,
    3.790416,
    3.693947,
    3.671954,
    3.677287,
    3.662467,
    3.610506,
    3.598081,
    3.561914,
    3.563549,
    3.53106,
    3.533227,
    3.524956,
    3.540817,
    3.494386,
    3.517992,
    3.512166,
    3.471539,
    3.512495,
    3.497963,
    3.45754,
    3.480726,
    3.466536,
    3.460288,
    3.500355,
    3.496676,
    3.477677,
    3.498338,
    3.492935,
    3.49913,
    3.466538,
    3.439843,
    3.448473,
    3.432528,
    3.433295,
    3.430442,
    3.434723,
    3.427516,
    3.472792,
    3.464901,
    3.482846,
    3.456558,
    3.533215,
    3.551847,
    3.509786,
    3.498224,
    3.467865,
    3.480917,
    3.464816,
    3.484494,
    3.480289,
    3.455382,
    3.499593,
    3.504241,
    3.451852,
    3.453137,
    3.457455,
    3.476195,
    3.459838,
    3.448104,
    3.479971,
    3.514199,
    3.538666,
    3.511982,
    3.506885,
    3.487788,
    3.492623,
    3.517274,
    3.528483,
    3.489061,
    3.48096,
    3.4931,
    3.46978,
    3.462617,
    3.451597,
    3.447414,
    3.44392,
    3.472585,
    3.474446,
    3.472729,
    3.451382,
    3.450909,
    3.445347,
    3.461436,
    3.44071,
    3.428689,
    3.450935,
    3.453068,
    3.446439,
    3.448391,
    3.461847,
    3.475945,
    3.480685,
    3.474358,
    3.499313,
    3.455179,
    3.459819,
    3.474231,
    3.464692,
    3.44139,
    3.458765,
    3.464523,
    3.487073,
    3.45533,
    3.439617,
    3.444017,
    3.420969,
    3.456433,
    3.461174,
    3.469735,
    3.492286,
    3.588871,
    3.516827,
    3.508457,
    3.504734,
    3.464958,
    3.449017,
    3.450802,
    3.468211,
    3.475957,
    3.483082,
    3.492754,
    3.484413,
    3.476296,
    3.456972,
    3.468528,
    3.486637,
    3.521655,
    3.496657,
    3.533717,
    3.46114,
    3.45077,
    3.46499,
    3.46596,
    3.468182,
    3.470863,
    3.462506,
    3.478086,
    3.468323,
    3.480543,
    3.432136,
    3.447839,
    3.444287,
    3.483411,
    3.466583,
    3.456714,
    3.465709,
    3.464529,
    3.500491,
    3.493738,
    3.50971,
    3.519933,
    3.508823,
    3.490884,
    3.467372,
    3.517198,
    3.483798,
    3.480145,
    3.454141,
    3.453799,
    3.480435,
    3.450612,
    3.46212,
    3.487186,
    3.466111,
    3.45901,
    3.501601,
    3.505051,
    3.519293,
    3.525261,
    3.466887,
    3.532997,
    3.492157,
    3.50071,
    3.531382,
    3.505573,
    3.518527,
    3.510789,
    3.480812,
    3.505542,
    3.48815,
    3.50799,
    3.47902,
    3.481565,
    3.521608,
    3.51329,
    3.514482,
    3.506254,
    3.481181,
    3.487304,
    3.480067,
    3.503192,
    3.455446,
    3.500146,
    3.488978,
    3.47025,
    3.474831,
    3.42678,
    3.44546,
    3.514449,
    3.490006,
    3.507462,
    3.454076,
    3.485671,
    3.510587,
    3.49668,
    3.500296,
    3.46815,
    3.481071,
    3.518874,
    3.496454,
    3.494892,
    3.488799,
    3.49318,
    3.476622,
    3.486959,
    3.458906,
    3.482053,
    3.467865,
    3.470637,
    3.496394,
    3.587223,
    3.562903,
    3.525317,
    3.532926,
    3.519479,
    3.512823,
    3.518387,
    3.521894,
    3.49281,
    3.478702,
    3.440326,
    3.485502,
    3.478748,
    3.510065,
    3.529015,
    3.509085,
    3.480973,
    3.507302,
    3.443126,
    3.462214,
    3.458197,
    3.459218,
    3.454746,
    3.478362,
    3.47236,
    3.496087,
    3.516067,
    3.504905,
    3.522702,
    3.518728,
    3.57181,
    3.463586,
    3.483302,
    3.457332,
    3.495724,
    3.599472,
    3.536798,
    3.574886,
    3.532715,
    3.517581
  ],
  "random_baseline_ce_ln_v": 3.465736,
  "grad_nonzero_after_step0": true,
  "criteria": {
    "finite_losses": true,
    "nonzero_grad": true,
    "learning": true
  },
  "pass": true,
  "artifacts": {
    "json": "training_sanity_quick_20260331_1608.json",
    "png_curve": "training_sanity_quick_curve_20260331_1608.png"
  }
}