{
  "mode": "quick",
  "timestamp": "2026-03-31T16:10:21.956021",
  "device": "cuda",
  "config": {
    "vocab_size": 32,
    "seq_len": 48,
    "batch_size": 16,
    "steps": 280,
    "lr": 0.05,
    "seed": 42,
    "loss": "CE_only"
  },
  "loss_initial": 6.149315,
  "loss_final": 3.531066,
  "loss_min": 3.42091,
  "loss_curve": [
    6.149315,
    5.090129,
    4.862554,
    4.985958,
    4.772091,
    4.413074,
    4.449598,
    4.447573,
    4.315121,
    4.167543,
    4.148952,
    4.057312,
    4.068008,
    3.876495,
    3.776206,
    3.788787,
    3.844857,
    3.828709,
    3.787527,
    3.785125,
    3.698127,
    3.749067,
    3.6782,
    3.704696,
    3.659955,
    3.646708,
    3.629904,
    3.600394,
    3.58185,
    3.542225,
    3.552174,
    3.570034,
    3.500692,
    3.498236,
    3.515588,
    3.532097,
    3.523219,
    3.512842,
    3.493683,
    3.515015,
    3.475914,
    3.547684,
    3.502648,
    3.498168,
    3.467648,
    3.52597,
    3.517398,
    3.506131,
    3.468397,
    3.491347,
    3.487885,
    3.505981,
    3.478725,
    3.491419,
    3.506651,
    3.499686,
    3.485236,
    3.478225,
    3.457523,
    3.500611,
    3.485632,
    3.511366,
    3.498014,
    3.479207,
    3.497654,
    3.501354,
    3.504268,
    3.511082,
    3.51058,
    3.535,
    3.503023,
    3.519405,
    3.509255,
    3.500007,
    3.48241,
    3.47929,
    3.458487,
    3.459424,
    3.519574,
    3.488715,
    3.447831,
    3.460649,
    3.489794,
    3.456785,
    3.440601,
    3.489679,
    3.538682,
    3.519138,
    3.491637,
    3.499942,
    3.46795,
    3.477371,
    3.509496,
    3.541211,
    3.52931,
    3.563761,
    3.503202,
    3.52169,
    3.486237,
    3.50754,
    3.496717,
    3.540086,
    3.519516,
    3.513877,
    3.503344,
    3.538678,
    3.488921,
    3.518138,
    3.554862,
    3.495925,
    3.522797,
    3.480563,
    3.493689,
    3.52094,
    3.503816,
    3.543047,
    3.544561,
    3.487833,
    3.499717,
    3.468297,
    3.541956,
    3.500691,
    3.500487,
    3.506703,
    3.493386,
    3.460312,
    3.504243,
    3.507753,
    3.481591,
    3.476497,
    3.525538,
    3.519644,
    3.501094,
    3.467594,
    3.492477,
    3.479063,
    3.42091,
    3.438733,
    3.438951,
    3.467985,
    3.493367,
    3.546636,
    3.516554,
    3.509096,
    3.493172,
    3.540385,
    3.569425,
    3.575176,
    3.524167,
    3.498246,
    3.491615,
    3.484617,
    3.486743,
    3.522829,
    3.51441,
    3.502045,
    3.564206,
    3.509263,
    3.516723,
    3.502239,
    3.516574,
    3.484071,
    3.497893,
    3.508139,
    3.517023,
    3.513286,
    3.493863,
    3.496372,
    3.469239,
    3.479137,
    3.529157,
    3.509748,
    3.531929,
    3.501339,
    3.520852,
    3.502283,
    3.547413,
    3.599268,
    3.5591,
    3.554752,
    3.547456,
    3.561864,
    3.50495,
    3.501369,
    3.508626,
    3.563382,
    3.54975,
    3.519218,
    3.532373,
    3.516099,
    3.500064,
    3.51566,
    3.527576,
    3.507698,
    3.509884,
    3.557878,
    3.536636,
    3.545816,
    3.508018,
    3.543339,
    3.578986,
    3.575587,
    3.519858,
    3.535918,
    3.527035,
    3.502773,
    3.533217,
    3.512198,
    3.528484,
    3.522778,
    3.555696,
    3.533137,
    3.516127,
    3.529745,
    3.510147,
    3.527667,
    3.557881,
    3.5631,
    3.520911,
    3.502972,
    3.477811,
    3.458117,
    3.462276,
    3.49034,
    3.473589,
    3.488399,
    3.557474,
    3.548137,
    3.558571,
    3.509495,
    3.570297,
    3.533787,
    3.484227,
    3.500903,
    3.505962,
    3.494733,
    3.535564,
    3.547314,
    3.497782,
    3.53634,
    3.527357,
    3.505369,
    3.554102,
    3.519342,
    3.47541,
    3.478504,
    3.461195,
    3.491689,
    3.578831,
    3.486394,
    3.483664,
    3.503016,
    3.528305,
    3.505599,
    3.510151,
    3.466191,
    3.521284,
    3.470683,
    3.502692,
    3.478652,
    3.465013,
    3.485382,
    3.487736,
    3.516178,
    3.491409,
    3.574699,
    3.546817,
    3.605582,
    3.505463,
    3.551742,
    3.525709,
    3.516785,
    3.4881,
    3.501973,
    3.477772,
    3.484221,
    3.473127,
    3.492377,
    3.473544,
    3.531066
  ],
  "random_baseline_ce_ln_v": 3.465736,
  "grad_nonzero_after_step0": true,
  "criteria": {
    "finite_losses": true,
    "nonzero_grad": true,
    "learning": true
  },
  "pass": true,
  "artifacts": {
    "json": "training_sanity_quick_20260331_1610.json",
    "png_curve": "training_sanity_quick_curve_20260331_1610.png"
  }
}