{
  "timestamp": "2026-03-31T15:24:48.377857",
  "device": "cuda",
  "seq_len": 4096,
  "config": {
    "target_mode": "frequency",
    "frequencies": [
      1.0,
      1.8,
      3.0,
      5.0
    ],
    "thresholds": [
      0.2,
      0.25,
      0.3,
      0.4
    ],
    "name": "Freq-Balanced"
  },
  "warmup_passes": 50,
  "phase_ab": {
    "names": [
      "linear",
      "reverse",
      "mod64",
      "stride7_mod_L",
      "shuffle_seed12345",
      "two_blocks"
    ],
    "signatures_dim": 10,
    "pairwise_cosine": {
      "linear": {
        "linear": 1.0,
        "reverse": 0.9951656424477004,
        "mod64": 0.897266018655871,
        "stride7_mod_L": 0.998609179295698,
        "shuffle_seed12345": 0.9987613744219643,
        "two_blocks": 0.9940286465727374
      },
      "reverse": {
        "linear": 0.9951656424477004,
        "reverse": 1.0,
        "mod64": 0.897266018655871,
        "stride7_mod_L": 0.9980273212992128,
        "shuffle_seed12345": 0.9983813685252003,
        "two_blocks": 0.9914311554595661
      },
      "mod64": {
        "linear": 0.897266018655871,
        "reverse": 0.897266018655871,
        "mod64": 1.0,
        "stride7_mod_L": 0.898547552575604,
        "shuffle_seed12345": 0.8985680850097131,
        "two_blocks": 0.9263524629553133
      },
      "stride7_mod_L": {
        "linear": 0.998609179295698,
        "reverse": 0.9980273212992128,
        "mod64": 0.898547552575604,
        "stride7_mod_L": 1.0,
        "shuffle_seed12345": 0.9999285949196711,
        "two_blocks": 0.994243727534015
      },
      "shuffle_seed12345": {
        "linear": 0.9987613744219643,
        "reverse": 0.9983813685252003,
        "mod64": 0.8985680850097131,
        "stride7_mod_L": 0.9999285949196711,
        "shuffle_seed12345": 1.0,
        "two_blocks": 0.9944597886125981
      },
      "two_blocks": {
        "linear": 0.9940286465727374,
        "reverse": 0.9914311554595661,
        "mod64": 0.9263524629553133,
        "stride7_mod_L": 0.994243727534015,
        "shuffle_seed12345": 0.9944597886125981,
        "two_blocks": 1.0
      }
    },
    "off_diagonal_max": 0.99992859,
    "off_diagonal_min": 0.89726602,
    "off_diagonal_mean": 0.96540246,
    "repeatability_linear_cos": 1.0,
    "per_pattern": {
      "linear": {
        "rc": 0.878966,
        "spike_rates": [
          0.155518,
          0.050537,
          0.024414,
          0.100098
        ]
      },
      "reverse": {
        "rc": 0.878966,
        "spike_rates": [
          0.155518,
          0.050537,
          0.024414,
          0.100098
        ]
      },
      "mod64": {
        "rc": 0.999286,
        "spike_rates": [
          0.0,
          0.0,
          0.0,
          0.546875
        ]
      },
      "stride7_mod_L": {
        "rc": 0.878966,
        "spike_rates": [
          0.155518,
          0.050537,
          0.024414,
          0.100098
        ]
      },
      "shuffle_seed12345": {
        "rc": 0.878966,
        "spike_rates": [
          0.155518,
          0.050537,
          0.024414,
          0.100098
        ]
      },
      "two_blocks": {
        "rc": 0.907843,
        "spike_rates": [
          0.089844,
          0.039062,
          0.010254,
          0.136719
        ]
      }
    }
  },
  "phase_c": {
    "phase_noise_std": 0.02,
    "cosine_clean_vs_noisy": 0.99996611,
    "detail": {
      "0.0": {
        "rc": 0.878966,
        "signature_head": [
          -0.04075756451583586,
          0.008910198760002631,
          0.023323896079848676,
          0.02726157162154995,
          0.09432412428247726,
          0.17177073283451058,
          0.05581874677667769,
          0.02696557815298439
        ]
      },
      "0.02": {
        "rc": 0.878828,
        "signature_head": [
          -0.04376325083483205,
          0.009616195912482379,
          0.02296387436616957,
          0.027335572583139102,
          0.09474197975264592,
          0.17161720860596769,
          0.056307686968049046,
          0.025863817937477076
        ]
      },
      "0.05": {
        "rc": 0.877964,
        "signature_head": [
          -0.03709901324905945,
          0.010311278981152899,
          0.02235520488725504,
          0.02541703998961474,
          0.093161815428557,
          0.16957021278363746,
          0.05778348015238601,
          0.028351707551404353
        ]
      }
    }
  },
  "criteria": {
    "distinguishability_pass": true,
    "distinguishability_strong": false,
    "repeatability_pass": true,
    "noise_robustness_pass": true
  },
  "verdict": "Подтверждено"
}