{
  "timestamp": "2026-03-31T15:22:20.618702",
  "device": "cpu",
  "seq_len": 4096,
  "config": {
    "target_mode": "frequency",
    "frequencies": [
      1.0,
      1.8,
      3.0,
      5.0
    ],
    "thresholds": [
      0.2,
      0.25,
      0.3,
      0.4
    ],
    "name": "Freq-Balanced"
  },
  "warmup_passes": 50,
  "phase_ab": {
    "names": [
      "linear",
      "reverse",
      "mod64",
      "stride7_mod_L",
      "shuffle_seed12345",
      "two_blocks"
    ],
    "signatures_dim": 10,
    "pairwise_cosine": {
      "linear": {
        "linear": 1.0,
        "reverse": 0.9951656418282727,
        "mod64": 0.8972660228911011,
        "stride7_mod_L": 0.9986091796151607,
        "shuffle_seed12345": 0.9984599771800153,
        "two_blocks": 0.994028646745038
      },
      "reverse": {
        "linear": 0.9951656418282727,
        "reverse": 1.0,
        "mod64": 0.8972660228911011,
        "stride7_mod_L": 0.9980273213390318,
        "shuffle_seed12345": 0.9986126350066404,
        "two_blocks": 0.9914311556913791
      },
      "mod64": {
        "linear": 0.8972660228911011,
        "reverse": 0.8972660228911011,
        "mod64": 1.0,
        "stride7_mod_L": 0.8985475565067155,
        "shuffle_seed12345": 0.8985767731780676,
        "two_blocks": 0.926352469407816
      },
      "stride7_mod_L": {
        "linear": 0.9986091796151607,
        "reverse": 0.9980273213390318,
        "mod64": 0.8985475565067155,
        "stride7_mod_L": 1.0,
        "shuffle_seed12345": 0.9999341484127341,
        "two_blocks": 0.9942437279732932
      },
      "shuffle_seed12345": {
        "linear": 0.9984599771800153,
        "reverse": 0.9986126350066404,
        "mod64": 0.8985767731780676,
        "stride7_mod_L": 0.9999341484127341,
        "shuffle_seed12345": 1.0,
        "two_blocks": 0.9939501344075898
      },
      "two_blocks": {
        "linear": 0.994028646745038,
        "reverse": 0.9914311556913791,
        "mod64": 0.926352469407816,
        "stride7_mod_L": 0.9942437279732932,
        "shuffle_seed12345": 0.9939501344075898,
        "two_blocks": 1.0
      }
    },
    "off_diagonal_max": 0.99993415,
    "off_diagonal_min": 0.89726602,
    "off_diagonal_mean": 0.96536476,
    "repeatability_linear_cos": 1.0,
    "per_pattern": {
      "linear": {
        "rc": 0.878966,
        "spike_rates": [
          0.155518,
          0.050537,
          0.024414,
          0.100098
        ]
      },
      "reverse": {
        "rc": 0.878966,
        "spike_rates": [
          0.155518,
          0.050537,
          0.024414,
          0.100098
        ]
      },
      "mod64": {
        "rc": 0.999286,
        "spike_rates": [
          0.0,
          0.0,
          0.0,
          0.546875
        ]
      },
      "stride7_mod_L": {
        "rc": 0.878966,
        "spike_rates": [
          0.155518,
          0.050537,
          0.024414,
          0.100098
        ]
      },
      "shuffle_seed12345": {
        "rc": 0.878966,
        "spike_rates": [
          0.155518,
          0.050537,
          0.024414,
          0.100098
        ]
      },
      "two_blocks": {
        "rc": 0.907843,
        "spike_rates": [
          0.089844,
          0.039062,
          0.010254,
          0.136719
        ]
      }
    }
  },
  "phase_c": {
    "phase_noise_std": 0.02,
    "cosine_clean_vs_noisy": 0.99997521,
    "detail": {
      "0.0": {
        "rc": 0.878966,
        "signature_head": [
          -0.0407575645174169,
          0.008910192588417232,
          0.02332389196613275,
          0.027261575737228146,
          0.09432412428613621,
          0.17177073284117375,
          0.055818746778842965,
          0.026965578154030417
        ]
      },
      "0.02": {
        "rc": 0.878802,
        "signature_head": [
          -0.04350724581516199,
          0.008590682470904677,
          0.024080656811412228,
          0.027757436448146232,
          0.09400057829983226,
          0.17217121583126058,
          0.05604321266494867,
          0.02856048337732961
        ]
      },
      "0.05": {
        "rc": 0.877891,
        "signature_head": [
          -0.041191838673417365,
          0.008847586032305779,
          0.02213996159823477,
          0.024077381452924557,
          0.09456336392853298,
          0.1759698669502333,
          0.05928540693576007,
          0.02991218259031531
        ]
      }
    }
  },
  "criteria": {
    "distinguishability_pass": true,
    "distinguishability_strong": false,
    "repeatability_pass": true,
    "noise_robustness_pass": true
  },
  "verdict": "Подтверждено"
}