{
  "suite": "06-rfp-protocol-tests",
  "protocol": "fresh_train_each_epoch_fixed_val_holdout",
  "epochs": 48,
  "rfp_version": "v03",
  "baseline": {
    "metrics": {
      "best_val_ce": 3.466855764389038,
      "final_val_rc": 1.0,
      "mean_spike_rate": 0.0,
      "max_grad_l2": 0.16024445812131277,
      "epochs": 48,
      "mode": "baseline_fresh_train",
      "corr_delta_pb_delta_ce": null,
      "rescue_step_fraction": null
    },
    "history_val_ce": [
      3.4720901250839233,
      3.4727442860603333,
      3.4713454842567444,
      3.4723981618881226,
      3.472900152206421,
      3.472515285015106,
      3.473075807094574,
      3.4717355370521545,
      3.4681851863861084,
      3.4699108600616455,
      3.470087468624115,
      3.4701894521713257,
      3.467343330383301,
      3.46980357170105,
      3.4710479974746704,
      3.471077024936676,
      3.4668570160865784,
      3.475622773170471,
      3.469276010990143,
      3.47021222114563,
      3.467662513256073,
      3.474943459033966,
      3.4705708622932434,
      3.467204988002777,
      3.468408763408661,
      3.4720258116722107,
      3.47309148311615,
      3.467748701572418,
      3.4709306955337524,
      3.467576563358307,
      3.4701210856437683,
      3.47261905670166,
      3.4683695435523987,
      3.466855764389038,
      3.4725207686424255,
      3.4718406796455383,
      3.4723520278930664,
      3.4697262048721313,
      3.4690791368484497,
      3.4709449410438538,
      3.471208333969116,
      3.468154549598694,
      3.4718812704086304,
      3.4690760374069214,
      3.4746469259262085,
      3.474068582057953,
      3.4677456617355347,
      3.4696446657180786
    ],
    "tier_a": {
      "tier": "A",
      "pass": true,
      "finite_weights": true,
      "nonfinite_param_names": [],
      "max_grad_l2": 0.16024445812131277,
      "max_grad_cap": 25.0,
      "grad_under_cap": true
    },
    "tier_b": {
      "tier": "B",
      "pass": true,
      "final_val_rc": 1.0,
      "mean_spike_rate": 0.0,
      "min_rc_threshold": 0.35
    },
    "tier_c": {
      "tier": "C",
      "pass": true,
      "val_ce_std": 0.002229281318924529,
      "val_ce_range": 0.008767008781433105,
      "min_std": 1e-08,
      "min_range": 1e-07,
      "history_len": 48
    }
  },
  "rfp": {
    "metrics": {
      "best_val_ce": 3.466757833957672,
      "final_val_rc": 0.999999925494194,
      "mean_spike_rate": 0.0,
      "max_grad_l2": 0.13955677897976618,
      "epochs": 48,
      "mode": "rfp_every_8_v03_fresh_train",
      "corr_delta_pb_delta_ce": -0.06323677643146204,
      "rescue_step_fraction": 1.0
    },
    "history_val_ce": [
      3.4769811630249023,
      3.473933756351471,
      3.468151330947876,
      3.473397195339203,
      3.474115788936615,
      3.471928358078003,
      3.4725714921951294,
      3.4710030555725098,
      3.4696930646896362,
      3.4707598090171814,
      3.469638407230377,
      3.4722160696983337,
      3.4680370092391968,
      3.469989776611328,
      3.470755100250244,
      3.471475660800934,
      3.466989815235138,
      3.4708139300346375,
      3.4696227312088013,
      3.4709216356277466,
      3.4680670499801636,
      3.4743781089782715,
      3.471258223056793,
      3.467506766319275,
      3.468677282333374,
      3.471970856189728,
      3.47312730550766,
      3.4678199887275696,
      3.471310317516327,
      3.4674615263938904,
      3.470078706741333,
      3.4725719690322876,
      3.468583583831787,
      3.466757833957672,
      3.472535490989685,
      3.472253441810608,
      3.472116708755493,
      3.469717264175415,
      3.469138979911804,
      3.4710282683372498,
      3.47122985124588,
      3.468135178089142,
      3.4722691774368286,
      3.468976378440857,
      3.474673092365265,
      3.4744415879249573,
      3.467670977115631,
      3.469568967819214
    ],
    "tier_a": {
      "tier": "A",
      "pass": true,
      "finite_weights": true,
      "nonfinite_param_names": [],
      "max_grad_l2": 0.13955677897976618,
      "max_grad_cap": 25.0,
      "grad_under_cap": true
    },
    "tier_b": {
      "tier": "B",
      "pass": true,
      "final_val_rc": 0.999999925494194,
      "mean_spike_rate": 0.0,
      "min_rc_threshold": 0.35
    },
    "tier_c": {
      "tier": "C",
      "pass": true,
      "val_ce_std": 0.002315673189878317,
      "val_ce_range": 0.010223329067230225,
      "min_std": 1e-08,
      "min_range": 1e-07,
      "history_len": 48
    }
  },
  "comparison": {
    "best_val_ce_baseline": 3.466855764389038,
    "best_val_ce_rfp": 3.466757833957672,
    "rfp_vs_baseline_best_ce_pct": 0.002824762205912683
  },
  "overall_pass": true
}